{
  "accuracy": 0.8137254901960784,
  "precision": 0.805115635997989,
  "recall": 0.8137254901960784,
  "f1": 0.8078034124449336,
  "confusion_matrix": [
    [
      23,
      6,
      0
    ],
    [
      6,
      13,
      5
    ],
    [
      1,
      1,
      47
    ]
  ],
  "classification_report": {
    "B": {
      "precision": 0.7666666666666667,
      "recall": 0.7931034482758621,
      "f1-score": 0.7796610169491526,
      "support": 29.0
    },
    "M": {
      "precision": 0.65,
      "recall": 0.5416666666666666,
      "f1-score": 0.5909090909090909,
      "support": 24.0
    },
    "N": {
      "precision": 0.9038461538461539,
      "recall": 0.9591836734693877,
      "f1-score": 0.9306930693069307,
      "support": 49.0
    },
    "accuracy": 0.8137254901960784,
    "macro avg": {
      "precision": 0.7735042735042735,
      "recall": 0.7646512628039721,
      "f1-score": 0.7670877257217247,
      "support": 102.0
    },
    "weighted avg": {
      "precision": 0.805115635997989,
      "recall": 0.8137254901960784,
      "f1-score": 0.8078034124449336,
      "support": 102.0
    }
  },
  "roc_auc": 0.9114085859406887
}