{
    "model": "resnet18",
    "accuracy": 0.9282265619370181,
    "precision": 0.8781785158277114,
    "recall": 0.8653796982868831,
    "f1": 0.8717321313586607,
    "confusion_matrix": [
        [
            18993,
            939
        ],
        [
            1053,
            6769
        ]
    ]
}