{
    "model": "baseline",
    "accuracy": 0.8931685522807523,
    "precision": 0.7996080352768251,
    "recall": 0.8308514700267278,
    "f1": 0.8149304038449535,
    "confusion_matrix": [
        [
            18261,
            1636
        ],
        [
            1329,
            6528
        ]
    ]
}