{
    "model": "resnet18",
    "use_tta": false,
    "accuracy": 0.928586870361029,
    "precision": 0.8804573804573804,
    "recall": 0.8645062515947946,
    "f1": 0.8724089094888632,
    "avg_confidence": 0.9123011286809172,
    "confusion_matrix": [
        [
            18996,
            920
        ],
        [
            1062,
            6776
        ]
    ],
    "num_samples": 27754
}