{
    "model": "resnet18",
    "use_tta": true,
    "accuracy": 0.9114001585357066,
    "precision": 0.9110499770747363,
    "recall": 0.7605256442970145,
    "f1": 0.8290104999652319,
    "avg_confidence": 0.6400892347711612,
    "confusion_matrix": [
        [
            19334,
            582
        ],
        [
            1877,
            5961
        ]
    ],
    "num_samples": 27754
}