{
    "confusion_matrix": [
        [
            18314,
            1571
        ],
        [
            1317,
            6552
        ]
    ],
    "precision": 0.8065985473347286,
    "recall": 0.8326343881052231,
    "f1": 0.8194097048524263
}