{
    "model": "efficientnet_b2_mammography_binary",
    "config": {
        "epochs": 30,
        "batch_size": 16,
        "learning_rate": 0.0003,
        "image_size": 384,
        "classes": [
            "benign",
            "malignant"
        ]
    },
    "epoch": [
        1,
        2,
        3,
        4,
        5,
        6,
        7,
        8,
        9,
        10,
        11,
        12,
        13,
        14,
        15,
        16,
        17,
        18,
        19,
        20,
        21,
        22,
        23,
        24,
        25
    ],
    "train_loss": [
        0.1656950568844532,
        0.15874071629910633,
        0.15530793296879736,
        0.1537578320194935,
        0.14958004545548867,
        0.1457785918280996,
        0.14561507434680543,
        0.14470524829009485,
        0.14362665147616946,
        0.1413266630522136,
        0.14846496319976346,
        0.14970906921501817,
        0.14605865221599051,
        0.1499675605317642,
        0.14701303356680376,
        0.14046126249535332,
        0.1430603628014696,
        0.14190337316229426,
        0.1407228591627088,
        0.13719849930755024,
        0.13679837260780664,
        0.13656375552045888,
        0.13422612321787866,
        0.13469607711865983,
        0.12722905355280845
    ],
    "train_acc": [
        63.71941467811321,
        65.62012288077125,
        67.61341878052416,
        69.50592813820674,
        70.40527397188647,
        71.65710451274083,
        71.83590420361223,
        72.35965757534422,
        73.46522031159236,
        72.96824303166619,
        71.30073173292752,
        71.28407297463252,
        70.74762428628988,
        71.29915862247861,
        72.34722445751059,
        73.26959725083977,
        73.25479988394112,
        74.1921485703567,
        74.21336375433823,
        75.15117552773705,
        74.72649537283799,
        75.11009471169834,
        74.05854480019931,
        75.5201151864282,
        77.34746534248879
    ],
    "val_loss": [
        0.15616101259365678,
        0.14713253383524716,
        0.1484140178654343,
        0.13690681848675013,
        0.13626038748770952,
        0.13219793466851115,
        0.12921368225943297,
        0.12378464359790087,
        0.12296822050120682,
        0.12334194069262594,
        0.14202403370290995,
        0.13014944875612855,
        0.12490021344274282,
        0.13532009720802307,
        0.13338008360005915,
        0.12862356076948345,
        0.13307661842554808,
        0.12692509673070163,
        0.12092875072266906,
        0.11557442718185484,
        0.11745295859873295,
        0.1198307954473421,
        0.11954784812405705,
        0.1185257260221988,
        0.11603323591407388
    ],
    "val_acc": [
        74.14829659318637,
        71.34268537074148,
        72.94589178356713,
        73.14629258517034,
        77.15430861723446,
        79.95991983967936,
        79.55911823647294,
        79.55911823647294,
        78.15631262525051,
        79.35871743486975,
        59.71943887775551,
        77.15430861723446,
        75.75150300601203,
        76.75350701402806,
        72.54509018036072,
        77.15430861723446,
        78.55711422845691,
        77.75551102204409,
        77.9559118236473,
        77.9559118236473,
        79.55911823647294,
        76.15230460921843,
        77.75551102204409,
        77.35470941883767,
        79.35871743486975
    ],
    "val_class_acc": [
        {
            "benign": 32.73809523809524,
            "malignant": 95.16616314199396
        },
        {
            "benign": 48.214285714285715,
            "malignant": 83.08157099697885
        },
        {
            "benign": 54.76190476190476,
            "malignant": 82.17522658610272
        },
        {
            "benign": 61.30952380952381,
            "malignant": 79.15407854984895
        },
        {
            "benign": 50.0,
            "malignant": 90.93655589123867
        },
        {
            "benign": 51.785714285714285,
            "malignant": 94.25981873111782
        },
        {
            "benign": 52.976190476190474,
            "malignant": 93.05135951661632
        },
        {
            "benign": 62.5,
            "malignant": 88.21752265861028
        },
        {
            "benign": 66.07142857142857,
            "malignant": 84.29003021148036
        },
        {
            "benign": 66.07142857142857,
            "malignant": 86.10271903323263
        },
        {
            "benign": 91.66666666666667,
            "malignant": 43.50453172205438
        },
        {
            "benign": 62.5,
            "malignant": 84.59214501510574
        },
        {
            "benign": 80.35714285714286,
            "malignant": 73.41389728096676
        },
        {
            "benign": 70.23809523809524,
            "malignant": 80.06042296072508
        },
        {
            "benign": 75.0,
            "malignant": 71.29909365558912
        },
        {
            "benign": 66.07142857142857,
            "malignant": 82.77945619335347
        },
        {
            "benign": 58.92857142857143,
            "malignant": 88.51963746223565
        },
        {
            "benign": 65.47619047619048,
            "malignant": 83.98791540785498
        },
        {
            "benign": 63.095238095238095,
            "malignant": 85.49848942598187
        },
        {
            "benign": 72.61904761904762,
            "malignant": 80.66465256797584
        },
        {
            "benign": 68.45238095238095,
            "malignant": 85.1963746223565
        },
        {
            "benign": 75.0,
            "malignant": 76.73716012084593
        },
        {
            "benign": 76.19047619047619,
            "malignant": 78.54984894259819
        },
        {
            "benign": 75.5952380952381,
            "malignant": 78.24773413897282
        },
        {
            "benign": 72.61904761904762,
            "malignant": 82.77945619335347
        }
    ],
    "val_auc": [
        0.6923554164868365,
        0.7195727233491584,
        0.7385627967198964,
        0.7861638613149188,
        0.8068803049920874,
        0.8299255502805352,
        0.8367411163861316,
        0.8382786649402962,
        0.8383775715724356,
        0.8377751402675875,
        0.8298985757444971,
        0.8140285570421522,
        0.8536541504819449,
        0.8166990361099122,
        0.8292871529276363,
        0.8244047619047619,
        0.8356261688965616,
        0.8346011365271183,
        0.8495450294921594,
        0.8627625521507697,
        0.8643360667529852,
        0.8464789238958423,
        0.8460113652711839,
        0.8534743202416919,
        0.8573406704071357
    ]
}