{
    "model": "efficientnet_b2_mammography",
    "test_loss": 0.7743058670312166,
    "test_accuracy": 63.72745490981964,
    "test_class_accuracy": {
        "benign": 67.85714285714286,
        "suspicious": 55.51020408163265,
        "malignant": 79.06976744186046
    },
    "best_val_accuracy": 64.92985971943888,
    "timestamp": "2025-12-21T16:21:29.750090"
}