{
    "model": "efficientnet_b2_mammography_v2",
    "config": {
        "epochs": 50,
        "batch_size": 16,
        "learning_rate": 0.0003,
        "image_size": 384,
        "classes": [
            "benign",
            "suspicious",
            "malignant"
        ],
        "focal_gamma": 2.0,
        "label_smoothing": 0.1,
        "mixup": true,
        "mixed_precision": true
    },
    "epoch": [
        1,
        2,
        3,
        4,
        5,
        6,
        7,
        8,
        9,
        10,
        11,
        12,
        13,
        14,
        15,
        16,
        17,
        18,
        19,
        20,
        21,
        22,
        23,
        24,
        25,
        26,
        27,
        28,
        29,
        30,
        31,
        32,
        33,
        34,
        35,
        36,
        37,
        38,
        39
    ],
    "train_loss": [
        0.45964522115115464,
        0.42795443617064377,
        0.41185389880476325,
        0.3985875686694836,
        0.3932419596047237,
        0.37831930888110193,
        0.37547317085594967,
        0.36492971654596,
        0.3521822169936937,
        0.3594029263175767,
        0.3747472053971784,
        0.3832943543277938,
        0.380808385898327,
        0.3625600285571197,
        0.3559836664076509,
        0.3704185890740362,
        0.3655018323454364,
        0.35620161973196884,
        0.3439859653341359,
        0.3427661635752382,
        0.3380625102026709,
        0.3358366946721899,
        0.3352912546231829,
        0.3186744383183019,
        0.30708775232578145,
        0.3062408084499425,
        0.3134929732515894,
        0.3098340381322236,
        0.2879791188342818,
        0.3025047470269532,
        0.32186463017915856,
        0.3477242202594362,
        0.3346855178989213,
        0.3300644433703916,
        0.3345940617137942,
        0.3178156224818065,
        0.3342504949919109,
        0.31298949523218744,
        0.3084572921025342
    ],
    "train_acc": [
        44.49001509567787,
        51.59197679881392,
        53.283822772831755,
        55.99686752105581,
        56.467868274655835,
        59.31083740859196,
        59.5960886725064,
        58.54191311474504,
        62.27805373997524,
        60.88220283902925,
        58.39145672732386,
        57.081846122083995,
        59.945745262606394,
        60.33565307485646,
        62.19636760908982,
        60.01706961927743,
        60.945687252899695,
        62.79341915558125,
        61.71093918126205,
        63.38982308733052,
        63.78316135242068,
        64.96692094309577,
        64.18158950476811,
        66.11568788002278,
        67.50422779856056,
        67.5362266754282,
        66.50462857608137,
        67.43469088241972,
        68.10888405503898,
        68.63778124595511,
        66.11486712406422,
        63.2589112273578,
        64.45441550221936,
        64.45060824525767,
        64.3376082592997,
        66.3200141849189,
        64.58651628987542,
        67.91403394320915,
        67.28330180562776
    ],
    "val_loss": [
        0.4019110663793981,
        0.38808869337663054,
        0.4185699154622853,
        0.36290694400668144,
        0.3788279644213617,
        0.34065047465264797,
        0.3338022520765662,
        0.3328649657778442,
        0.32702467823401093,
        0.3255438837222755,
        0.3419876638799906,
        0.3538752323947847,
        0.34222184820100665,
        0.34028518316335976,
        0.32661677431315184,
        0.31837474880740047,
        0.3308475697413087,
        0.3148885793052614,
        0.31227008416317403,
        0.31998992059379816,
        0.3160730504896492,
        0.29798009572550654,
        0.29699659161269665,
        0.308207371737808,
        0.29842302622273564,
        0.3130588934291154,
        0.30376907251775265,
        0.30592698557302356,
        0.30290741194039583,
        0.3092462350614369,
        0.3923489502631128,
        0.3199357995763421,
        0.3918268773704767,
        0.3373458329588175,
        0.31389638129621744,
        0.32642806181684136,
        0.36705640191212296,
        0.3890494420193136,
        0.3429197366349399
    ],
    "val_acc": [
        56.312625250501,
        52.90581162324649,
        53.70741482965932,
        58.91783567134269,
        58.11623246492986,
        59.519038076152306,
        58.517034068136276,
        59.91983967935872,
        60.921843687374746,
        61.523046092184366,
        58.11623246492986,
        62.725450901803605,
        56.1122244488978,
        63.12625250501002,
        63.52705410821643,
        63.52705410821643,
        60.32064128256513,
        62.725450901803605,
        66.33266533066133,
        63.12625250501002,
        68.13627254509018,
        66.33266533066133,
        66.13226452905812,
        66.33266533066133,
        67.93587174348697,
        65.33066132264528,
        66.33266533066133,
        65.93186372745491,
        65.93186372745491,
        67.73547094188376,
        62.5250501002004,
        63.12625250501002,
        64.32865731462925,
        67.73547094188376,
        66.53306613226452,
        66.33266533066133,
        64.52905811623246,
        62.324649298597194,
        62.124248496993985
    ],
    "val_class_acc": [
        {
            "benign": 66.66666666666667,
            "suspicious": 51.83673469387755,
            "malignant": 48.83720930232558
        },
        {
            "benign": 57.73809523809524,
            "suspicious": 41.63265306122449,
            "malignant": 75.5813953488372
        },
        {
            "benign": 74.4047619047619,
            "suspicious": 37.55102040816327,
            "malignant": 59.30232558139535
        },
        {
            "benign": 76.78571428571429,
            "suspicious": 40.816326530612244,
            "malignant": 75.5813953488372
        },
        {
            "benign": 73.21428571428571,
            "suspicious": 45.714285714285715,
            "malignant": 63.95348837209303
        },
        {
            "benign": 72.61904761904762,
            "suspicious": 47.755102040816325,
            "malignant": 67.44186046511628
        },
        {
            "benign": 67.85714285714286,
            "suspicious": 44.08163265306123,
            "malignant": 81.3953488372093
        },
        {
            "benign": 72.02380952380952,
            "suspicious": 46.93877551020408,
            "malignant": 73.25581395348837
        },
        {
            "benign": 67.85714285714286,
            "suspicious": 49.795918367346935,
            "malignant": 79.06976744186046
        },
        {
            "benign": 66.66666666666667,
            "suspicious": 52.244897959183675,
            "malignant": 77.90697674418605
        },
        {
            "benign": 66.66666666666667,
            "suspicious": 46.53061224489796,
            "malignant": 74.4186046511628
        },
        {
            "benign": 60.714285714285715,
            "suspicious": 61.224489795918366,
            "malignant": 70.93023255813954
        },
        {
            "benign": 57.73809523809524,
            "suspicious": 44.08163265306123,
            "malignant": 87.20930232558139
        },
        {
            "benign": 73.80952380952381,
            "suspicious": 54.285714285714285,
            "malignant": 67.44186046511628
        },
        {
            "benign": 74.4047619047619,
            "suspicious": 51.83673469387755,
            "malignant": 75.5813953488372
        },
        {
            "benign": 57.142857142857146,
            "suspicious": 62.857142857142854,
            "malignant": 77.90697674418605
        },
        {
            "benign": 58.333333333333336,
            "suspicious": 55.51020408163265,
            "malignant": 77.90697674418605
        },
        {
            "benign": 60.11904761904762,
            "suspicious": 58.775510204081634,