{
    "model": "efficientnet_b2_mammography",
    "config": {
        "epochs": 30,
        "batch_size": 32,
        "learning_rate": 0.0001,
        "image_size": 224,
        "classes": [
            "benign",
            "suspicious",
            "malignant"
        ],
        "mixed_precision": true
    },
    "epoch": [
        1,
        2,
        3,
        4,
        5,
        6,
        7,
        8,
        9,
        10,
        11,
        12,
        13
    ],
    "train_loss": [
        0.9879378858539793,
        0.8231847253110673,
        0.7723133191466331,
        0.7158739649587207,
        0.7012746623820729,
        0.6756748946176635,
        0.6596973136895232,
        0.6451445433000723,
        0.6263351345227824,
        0.6066928029888206,
        0.667639408674505,
        0.624815597716305,
        0.57767857487003
    ],
    "train_acc": [
        48.654513888888886,
        59.80902777777778,
        61.76215277777778,
        65.92881944444444,
        65.75520833333333,
        67.92534722222223,
        68.01215277777777,
        68.79340277777777,
        70.09548611111111,
        69.83506944444444,
        68.61979166666667,
        69.140625,
        72.39583333333333
    ],
    "val_loss": [
        0.8827968798577785,
        0.8229230307042599,
        0.7910902667790651,
        0.7746339272707701,
        0.7568865120410919,
        0.7663378398865461,
        0.7719090860337019,
        0.7766353469341993,
        0.7626540660858154,
        0.7713565118610859,
        0.7644687108695507,
        0.7758280355483294,
        0.8235517870634794
    ],
    "val_acc": [
        57.71543086172345,
        60.32064128256513,
        62.725450901803605,
        64.92985971943888,
        64.52905811623246,
        62.5250501002004,
        63.92785571142284,
        62.124248496993985,
        64.52905811623246,
        64.12825651302605,
        62.725450901803605,
        62.92585170340681,
        62.324649298597194
    ],
    "val_class_acc": [
        {
            "benign": 52.976190476190474,
            "suspicious": 57.55102040816327,
            "malignant": 67.44186046511628
        },
        {
            "benign": 69.64285714285714,
            "suspicious": 47.755102040816325,
            "malignant": 77.90697674418605
        },
        {
            "benign": 60.714285714285715,
            "suspicious": 59.183673469387756,
            "malignant": 76.74418604651163
        },
        {
            "benign": 69.64285714285714,
            "suspicious": 57.142857142857146,
            "malignant": 77.90697674418605
        },
        {
            "benign": 67.26190476190476,
            "suspicious": 58.36734693877551,
            "malignant": 76.74418604651163
        },
        {
            "benign": 66.07142857142857,
            "suspicious": 54.285714285714285,
            "malignant": 79.06976744186046
        },
        {
            "benign": 72.02380952380952,
            "suspicious": 52.6530612244898,
            "malignant": 80.23255813953489
        },
        {
            "benign": 65.47619047619048,
            "suspicious": 53.87755102040816,
            "malignant": 79.06976744186046
        },
        {
            "benign": 70.83333333333333,
            "suspicious": 55.10204081632653,
            "malignant": 79.06976744186046
        },
        {
            "benign": 70.83333333333333,
            "suspicious": 54.285714285714285,
            "malignant": 79.06976744186046
        },
        {
            "benign": 66.66666666666667,
            "suspicious": 54.69387755102041,
            "malignant": 77.90697674418605
        },
        {
            "benign": 60.714285714285715,
            "suspicious": 57.95918367346939,
            "malignant": 81.3953488372093
        },
        {
            "benign": 62.5,
            "suspicious": 55.10204081632653,
            "malignant": 82.55813953488372
        }
    ],
    "learning_rate": [
        9.755282581475769e-05,
        9.045084971874738e-05,
        7.938926261462366e-05,
        6.545084971874738e-05,
        5e-05,
        3.4549150281252636e-05,
        2.061073738537635e-05,
        9.549150281252633e-06,
        2.4471741852423237e-06,
        0.0001,
        9.938441702975689e-05,
        9.755282581475769e-05,
        9.45503262094184e-05
    ]
}