{
    "model": "efficientnet_b2_mammography",
    "config": {
        "epochs": 30,
        "batch_size": 32,
        "learning_rate": 0.0001,
        "image_size": 384,
        "classes": [
            "benign",
            "suspicious",
            "malignant"
        ],
        "mixed_precision": true
    },
    "epoch": [
        1,
        2,
        3,
        4,
        5,
        6,
        7,
        8,
        9,
        10,
        11,
        12,
        13,
        14,
        15,
        16,
        17,
        18,
        19,
        20,
        21,
        22,
        23,
        24,
        25,
        26,
        27,
        28,
        29,
        30
    ],
    "train_loss": [
        0.9675298035144806,
        0.8397107604477141,
        0.7745659409297837,
        0.7514214391509692,
        0.6821065644423167,
        0.6710779501332177,
        0.65048113051388,
        0.638960786577728,
        0.6206036615702841,
        0.6101798427601656,
        0.6545099624329143,
        0.6210653943320116,
        0.5975919531451331,
        0.5907590265075365,
        0.5438869160910448,
        0.5231767863863044,
        0.48800259124901557,
        0.47104547545313835,
        0.43995225553711254,
        0.42356438458793694,
        0.4010924185729689,
        0.38347131696840125,
        0.3738910152266423,
        0.33517033027278054,
        0.32927820107175243,
        0.3097072481695149,
        0.31322665222817,
        0.31038440556989777,
        0.2980351112782955,
        0.28377613901264137
    ],
    "train_acc": [
        51.25868055555556,
        58.203125,
        63.23784722222222,
        64.93055555555556,
        66.62326388888889,
        68.05555555555556,
        68.83680555555556,
        69.66145833333333,
        70.22569444444444,
        71.18055555555556,
        69.31423611111111,
        70.13888888888889,
        70.96354166666667,
        72.13541666666667,
        73.95833333333333,
        74.13194444444444,
        76.60590277777777,
        77.56076388888889,
        79.21006944444444,
        79.77430555555556,
        80.64236111111111,
        81.11979166666667,
        82.46527777777777,
        85.02604166666667,
        84.24479166666667,
        84.80902777777777,
        85.546875,
        85.76388888888889,
        86.50173611111111,
        87.23958333333333
    ],
    "val_loss": [
        0.9431866817176342,
        0.8533478043973446,
        0.8536898605525494,
        0.8541935030370951,
        0.8173774071037769,
        0.8134296592324972,
        0.8440780993551016,
        0.7924425452947617,
        0.8062789216637611,
        0.8066981881856918,
        0.9259980022907257,
        0.8247694596648216,
        0.9398482982069254,
        0.8452622890472412,
        0.8689052388072014,
        0.879619374871254,
        0.9348819404840469,
        0.9180361293256283,
        0.9993956126272678,
        0.9958300404250622,
        0.9812755584716797,
        0.9712270461022854,
        0.9884466789662838,
        1.0419911034405231,
        1.0306110754609108,
        1.0439734011888504,
        1.0584631823003292,
        1.0528655275702477,
        1.0639693364501,
        1.0537214614450932
    ],
    "val_acc": [
        50.100200400801604,
        56.1122244488978,
        59.91983967935872,
        56.51302605210421,
        59.11823647294589,
        58.71743486973948,
        58.31663326653307,
        61.723446893787575,
        60.721442885771545,
        61.322645290581164,
        55.31062124248497,
        61.122244488977955,
        57.71543086172345,
        61.92384769539078,
        61.122244488977955,
        59.71943887775551,
        63.12625250501002,
        60.521042084168336,
        62.5250501002004,
        60.921843687374746,
        65.33066132264528,
        63.72745490981964,
        63.72745490981964,
        64.32865731462925,
        64.32865731462925,
        63.326653306613224,
        63.12625250501002,
        64.12825651302605,
        65.13026052104209,
        63.92785571142284
    ],
    "val_class_acc": [
        {
            "benign": 58.333333333333336,
            "suspicious": 38.36734693877551,
            "malignant": 67.44186046511628
        },
        {
            "benign": 50.595238095238095,
            "suspicious": 53.46938775510204,
            "malignant": 74.4186046511628
        },
        {
            "benign": 66.07142857142857,
            "suspicious": 50.61224489795919,
            "malignant": 74.4186046511628
        },
        {
            "benign": 56.54761904761905,
            "suspicious": 47.755102040816325,
            "malignant": 81.3953488372093
        },
        {
            "benign": 70.23809523809524,
            "suspicious": 47.755102040816325,
            "malignant": 69.76744186046511
        },
        {
            "benign": 70.23809523809524,
            "suspicious": 46.53061224489796,
            "malignant": 70.93023255813954
        },
        {
            "benign": 61.30952380952381,
            "suspicious": 49.795918367346935,
            "malignant": 76.74418604651163
        },
        {
            "benign": 67.85714285714286,
            "suspicious": 53.06122448979592,
            "malignant": 74.4186046511628
        },
        {
            "benign": 64.28571428571429,
            "suspicious": 53.06122448979592,
            "malignant": 75.5813953488372
        },
        {
            "benign": 63.69047619047619,
            "suspicious": 54.69387755102041,
            "malignant": 75.5813953488372
        },
        {
            "benign": 49.404761904761905,
            "suspicious": 49.38775510204081,
            "malignant": 83.72093023255815
        },
        {
            "benign": 67.85714285714286,
            "suspicious": 53.46938775510204,
            "malignant": 69.76744186046511
        },
        {
            "benign": 67.26190476190476,
            "suspicious": 43.673469387755105,
            "malignant": 79.06976744186046
        },
        {
            "benign": 67.85714285714286,
            "suspicious": 53.46938775510204,
            "malignant": 74.4186046511628
        },
        {
            "benign": 70.23809523809524,
            "suspicious": 52.244897959183675,
            "malignant": 68.6046511627907
        },
        {
            "benign": 68.45238095238095,
            "suspicious": 48.16326530612245,
            "malignant": 75.5813953488372
        },
        {
            "benign": 67.26190476190476,
            "suspicious": 56.326530612244895,
            "malignant": 74.4186046511628
        },
        {
            "benign": 65.47619047619048,
            "suspicious": 53.46938775510204,
            "malignant": 70.93023255813954
        },
        {
            "benign": 67.26190476190476,
            "suspicious": 55.10204081632653,
            "malignant": 74.4186046511628
        },
        {
            "benign": 61.904761904761905,
            "suspicious": 55.10204081632653,
            "malignant": 75.5813953488372
        },
        {
            "benign": 68.45238095238095,
            "suspicious": 60.816326530612244,
            "malignant": 72.09302325581395
        },
        {
            "benign": 66.07142857142857,
            "suspicious": 59.59183673469388,
            "malignant": 70.93023255813954
        },
        {
            "benign": 65.47619047619048,
            "suspicious": 60.816326530612244,
            "malignant": 68.6046511627907
        },
        {
            "benign": 66.66666666666667,
            "suspicious": 60.0,
            "malignant": 72.09302325581395
        },
        {
            "benign": 67.85714285714286,
            "suspicious": 61.63265306122449,
            "malignant": 65.11627906976744
        },
        {
            "benign": 66.07142857142857,
            "suspicious": 60.816326530612244,