{
    "model": "resnet18",
    "epoch": [
        1,
        2,
        3,
        4,
        5
    ],
    "train_loss": [
        0.27782658103740576,
        0.20813941869182864,
        0.1582615224838414,
        0.09607178312437965,
        0.05333212388578768
    ],
    "val_loss": [
        0.2296110145781996,
        0.2238260483549487,
        0.24912640253245005,
        0.3439159244298935,
        0.41615656430270814
    ],
    "train_acc": [
        0.8849515612613633,
        0.9135206366528368,
        0.9337969588090557,
        0.9615836018654834,
        0.979672202032265
    ],
    "val_acc": [
        0.9049618045546267,
        0.908799365811473,
        0.905502306140098,
        0.8868009512827905,
        0.9024034303833958
    ]
}