{
    "epoch": [
        1,
        2,
        3,
        4,
        5,
        6,
        7,
        8,
        9,
        10
    ],
    "train_loss": [
        0.39879269968615216,
        0.324905915654538,
        0.3129403546197298,
        0.3024556004836154,
        0.29154474473753467,
        0.2859696478868819,
        0.2744717963520874,
        0.26988526132345514,
        0.26275635808117304,
        0.2572392365049782
    ],
    "val_loss": [
        0.31158601681482956,
        0.361524552518871,
        0.3265608840274371,
        0.2890732534195421,
        0.2838203277318708,
        0.2797996225307614,
        0.336772466653503,
        0.26194904435614835,
        0.26529206891763046,
        0.2548378022722385
    ],
    "train_acc": [
        0.8498193199015782,
        0.8652157351260643,
        0.8694007186023288,
        0.874651251376978,
        0.8781567541412291,
        0.8815232722143864,
        0.8857597315021671,
        0.8884776543502209,
        0.8907631803815387,
        0.8941399936169994
    ],
    "val_acc": [
        0.865973623522629,
        0.8354533006630153,
        0.8646944364370136,
        0.8791978956471606,
        0.8801167483424618,
        0.880098731622946,
        0.8733064283655232,
        0.8903682617469011,
        0.8919717497837993,
        0.8918996829057365
    ]
}